{"paths":{},"types":[],"uuids":["0ekp9uZoZKnrFxvy6tbCFM","15cLhi9qZMLqxPrZYxBosv","1b3MWFNQlKcr7sAh7AxOpq","20vl4/hKJIfY9nLbMnwcSe","2bIA+XajBMh75ypP05B55E","2dEhozuIFD+7ZAVO1VTobV","2dOf923uFOjJVbAX8UCN8d","3474vtAoFI9qh95D5gvEU6","35jc+bNadFhplgD79/ID+7","36fmlWZEJHFbL49FjAeQ2D","48/V2SOUVA46xYj9V5sCbF","4bji46wS9Ac7Qark/ntt8z","6aaTSyvCRCHrCUhfYx7WhU","714noWRwNBPbUmtCE+IrgH","7bFjEmwL1G6qBianNHhkYG","7cFGDDryJMFIgY4SnoPG/b","7cvAGor2lAvoUYV+5bKrL1","7dtdgp8VdEFJD4u+63QsZ3","89fkc4xIRKT5ftCSvxqdOk","8bUZV/j6VOvbaK3fvap/6y","8dGUAFgrdNZY7Y04WacE37","8eTlK50A9EuZj3/lJ98bw7","924UcJCB9IVLMKlcmLKWaZ","a1E0I2hStMS5d0rphytzot","a1az4xbJVA0K6FQMwSHzod","b6qb2W6GFLt5vOUN6z6s/J","c1s4p9QllGUoHGn93CMc4F","c2/zq8A/BN6KSa2dxL0hNd","cdYRKBbl1PQ7l8GFYtdVk4","cef+GTgPVGNqGWYQ2SWsV9","cf4KDea6NHu70wYkIuoX5b","dbDuWKNcZMyp4nZpdUYKJa","07PSI7TldP9bQmX6XShAZB","08Vk6KW6hP0YQZdG24TGx1","11Wsu2r0xFt7odZdKrrpCh","12MXY/pqlAa78yz2kI6U4o","20aeGz9SFKLqCknoB6yCdB","2al8+F3BRLy78LxY0cr6Pj","2fpFg9vnxDQJKpBPtht5zj","46kmVljdpOlpj4k0X7tyEK","46+11abrhFzbgiTGREFFvG","56jemPlexLhKYzxx0By7av","5eOTdmt39Fc4wWO2RVoAFx","64hGMtmR5KGaXwCW47g1oM","66PDKWfH9EoYK+Hg+HksXx","7a/QZLET9IDreTiBfRn2PD","80JGmbuIVBap0eQalfepx/","81cKhD8+tHTaCJGUp33LtB","82FOE0sNRB/Z/O+vI6MVyc","85Gj7JEiBNDbPUhwJOBbNJ","856IMl+iNHOKAzqfEkNfPm","87g16nAxFJ7bBe0vNIeLL2","89v2AeZ1lJaZzZiXTnyTal","935ENf9EVEoZQTtoDq/7kc","965Q6KwlFDS4x8cxgWsJcu","97dFfLKxhG3apYC6CGJOIK","9b0HUmre5E2r8T7cOeOXDM","9eq5QRMBVOB53L76pRU6TK","a0xv/G/6dIdrZDUSbE68ys","a2WyBLTdZPyaamkXfUNXDu","b0AvahYkRGtJphllY2OuQm","c73FMy90NLjK5d9Z8E3GeE","ceUThP371JfINNIdaiKKet","d5MngFwVtGsaoGY0fPqrB0","ecpdLyjvZBwrvm+cedCcQy","f1uFsHmupELIlFU87WNGOF","f4V8u8+RFOd7oL9QUTkXE3","f96vA8L7FGFYIdyQa7TreO"],"scenes":{"db://assets/Main.fire":18},"redirect":[45,0,64,0],"deps":["internal"],"packs":{"0917cfeb4":[32,33,34,35,36,37,38,39,40,41,42,43,44,46,47,48,49,50,51,18,52,53,54,55,56,57,58,59,60,61,62,63,65,66,67],"0b15a36f8":[0,1,2,3,4,5,6,7,8,9,10,11,12,13,14,15,16,17,19,20,21,22,23,24,25,26,27,28,29,30,31]},"name":"main","importBase":"import","nativeBase":"native","debug":false,"isZip":false,"encrypted":false,"versions":{"import":["0917cfeb4","2bd2a","0b15a36f8","f442c"],"native":[0,"c972b",1,"6b44e",2,"0f97a",3,"9d471",4,"be1c1",5,"9f605",6,"2c114",7,"4f07c",8,"7d9c0",9,"4438b",10,"e227e",11,"05d54",12,"6ea0e",13,"c6885",14,"9c479",15,"21126",16,"7287e",17,"9a02b",19,"7a1eb",20,"925d8",21,"42e21",22,"5b6f4",23,"3b678",24,"39a7f",25,"b1665",26,"10536",27,"da080",28,"97825",29,"4c01a",30,"a049e",31,"3386c"]}}